Personnel_Id, Phone_Number
101,9320492590
102,9399591823
103,9276450933
104,9922855906
105,9543873333
106,9489411057
107,9120471833
108,9523587993
109,9094968222
110,9330581857
111,9621698708
112,9017410208
113,9352460369
114,9110079777
115,9200732017
116,9537673963
117,9461007385
118,9466418994
119,9919912731
120,9622734509
121,9422009611
122,9941035764
123,9897296313
124,9491809566
125,9763063657
126,9810894555
127,9372746820
128,9254822657
129,9997117376
130,9525453347
131,9513307579
132,9332297571
133,9163466344
134,9796616991
135,9613132838
136,9789839907
137,9857656620
138,9533584885
139,9929651174
140,9412282279
141,9095335532
142,9681399510
143,9988183270
144,9699494254
145,9487129482
146,9951874010
147,9964077764
148,9681137697
149,9831176749
150,9893497023
151,9411768120
152,9666883430
153,9138812277
154,9575587719
155,9276963481
156,9885424862
157,9665394005
158,9702201190
159,9930277817
160,9931535178
161,9745529920
162,9150436082
163,9028179514
164,9658684223
165,9067375021
166,9910855275
167,9495496150
168,9587057900
169,9883326052
170,9992770269
171,9025292501
172,9870792957
173,9571856593
174,9179321557
175,9739011765
176,9244990388
177,9554356304
178,9524102741
179,9244151148
180,9366561848
181,9742457071
182,9885249145
183,9793444266
184,9905922043
185,9295629210
186,9584067027
187,9239773059
188,9577547416
189,9706892472
190,9470201212
191,9984983223
192,9720528672
193,9775984638
194,9409855263
195,9135052006
196,9995692545
197,9765251026
198,9470002467
199,9356326660
200,9319823293
